{
  "run_id": "run_20251115_201208",
  "paper_path": "tests\\papers\\1810.04805v2.pdf",
  "start_time": 1763217728.8627956,
  "end_time": 1763218042.7625418,
  "status": "failed",
  "researcher_duration": 25.426565408706665,
  "coder_duration": 7.3454976081848145,
  "qa_duration": 44.657660245895386,
  "total_duration": 313.8997461795807,
  "retries": 2,
  "failed_stages": [
    "coder",
    "coder"
  ],
  "code_length": 8375,
  "code_valid": true,
  "llm_calls": 4,
  "llm_tokens": 16172,
  "llm_cost": 0.0,
  "error_type": "Exception",
  "error_message": "Docker execution failed"
}